"","n","mean","sd"
"A",4,1,0.912870929175277
"B",4,2,0.816496580927726
"C",4,6,0.912870929175277
